{"cameraMode":{"drawMode":0,"name":"Shaded","section":"Shading Mode"},"sceneLighting":false,"audioPlay":false,"sceneViewState":{"m_AlwaysRefresh":false,"showFog":true,"showSkybox":false,"showFlares":false,"showImageEffects":true,"showParticleSystems":false,"showVisualEffectGraphs":true,"m_FxEnabled":true},"in2DMode":false,"pivot":{"x":3.4548442363739015,"y":2.542912483215332,"z":0.4564070701599121},"rotation":{"x":0.00041367681114934385,"y":0.9748390316963196,"z":-0.22311384975910188,"w":0.0014546909369528294},"size":1.3044016361236573,"orthographic":false}